t,body,x,y,z,vx,vy,vz
0,Star A,0.5,0,0,0,4.44288,0
0,Star B,-0.5,0,0,0,-4.44288,0
0,Planet,5,0,0,0,3.97275,0
0.05,Star A,0.451458,0.214908,0,-1.90962,4.01155,0
0.05,Star B,-0.451458,-0.214908,0,1.90962,-4.01155,0
0.05,Planet,4.99594,0.1986,0,-0.162321,3.97047,0
0.1,Star A,0.315259,0.388088,0,-3.44845,2.80132,0
0.1,Star B,-0.315259,-0.388088,0,3.44846,-2.80132,0
0.1,Planet,4.9838,0.396963,0,-0.322472,3.96311,0
0.15,Star A,0.117846,0.485914,0,-4.31772,1.04716,0
0.15,Star B,-0.117846,-0.485914,0,4.31772,-1.04716,0
0.15,Planet,4.96374,0.594807,0,-0.479488,3.94953,0
0.2,Star A,-0.102448,0.489392,0,-4.34862,-0.910326,0
0.2,Star B,0.102448,-0.489392,0,4.34862,0.910326,0
0.2,Planet,4.9359,0.791793,0,-0.63394,3.9286,0
0.25,Star A,-0.30285,0.397847,0,-3.53517,-2.69105,0
0.25,Star B,0.30285,-0.397847,0,3.53517,2.69105,0
0.25,Planet,4.90037,0.987535,0,-0.787377,3.89974,0
0.3,Star A,-0.444449,0.229053,0,-2.03531,-3.94927,0
0.3,Star B,0.444449,-0.229053,0,2.03531,3.94927,0
0.3,Planet,4.85715,1.18164,0,-0.941355,3.86322,0
0.35,Star A,-0.49975,0.0157847,0,-0.140258,-4.44067,0
0.35,Star B,0.499751,-0.0157847,0,0.140261,4.44067,0
0.35,Planet,4.80621,1.37375,0,-1.09646,3.82012,0
0.4,Star A,-0.458018,-0.200548,0,1.78203,-4.06984,0
0.4,Star B,0.458018,0.200548,0,-1.78202,4.06984,0
0.4,Planet,4.7475,1.56356,0,-1.25177,3.77184,0
0.45,Star A,-0.327353,-0.377941,0,3.3583,-2.90878,0
0.45,Star B,0.327354,0.377942,0,-3.3583,2.90879,0
0.45,Planet,4.68107,1.75086,0,-1.40517,3.71932,0
0.5,Star A,-0.133127,-0.481951,0,4.28251,-1.18294,0
0.5,Star B,0.133128,0.481951,0,-4.2825,1.18294,0
0.5,Planet,4.60705,1.93543,0,-1.55456,3.66251,0
0.55,Star A,0.0869475,-0.492382,0,4.3752,0.772589,0
0.55,Star B,-0.0869461,0.492382,0,-4.37519,-0.772588,0
0.55,Planet,4.52569,2.11702,0,-1.699,3.60043,0
0.6,Star A,0.29014,-0.407209,0,3.61837,2.57811,0
0.6,Star B,-0.290138,0.407209,0,-3.61836,-2.57811,0
0.6,Planet,4.43723,2.29536,0,-1.83901,3.53181,0
0.65,Star A,0.436997,-0.24297,0,2.15897,3.88305,0
0.65,Star B,-0.436995,0.24297,0,-2.15897,-3.88305,0
0.65,Planet,4.34184,2.47008,0,-1.97602,3.45579,0
0.7,Star A,0.499005,-0.0315535,0,0.280382,4.43403,0
0.7,Star B,-0.499002,0.0315539,0,-0.280375,-4.43403,0
0.7,Planet,4.23965,2.64081,0,-2.11154,3.37237,0
0.75,Star A,0.464122,0.185989,0,-1.65265,4.12407,0
0.75,Star B,-0.464119,-0.185989,0,1.65266,-4.12407,0
0.75,Planet,4.1307,2.80721,0,-2.24618,3.28264,0
0.8,Star A,0.339123,0.367419,0,-3.26479,3.01336,0
0.8,Star B,-0.33912,-0.367418,0,3.2648,-3.01335,0
0.8,Planet,4.01506,2.969,0,-2.37913,3.18828,0
0.85,Star A,0.148278,0.477509,0,-4.24302,1.31755,0
0.85,Star B,-0.148275,-0.477508,0,4.24303,-1.31755,0
0.85,Planet,3.89285,3.12599,0,-2.50849,3.0907,0
0.9,Star A,-0.0713574,0.494882,0,-4.3974,-0.63408,0
0.9,Star B,0.0713611,-0.494881,0,4.39741,0.634083,0
0.9,Planet,3.7643,3.27802,0,-2.63234,2.99016,0
0.95,Star A,-0.277137,0.416166,0,-3.69795,-2.46259,0
0.95,Star B,0.277141,-0.416165,0,3.69795,2.4626,0
0.95,Planet,3.62972,3.42494,0,-2.74977,2.8858,0
1,Star A,-0.429106,0.256645,0,-2.28048,-3.81295,0
1,Star B,0.42911,-0.256644,0,2.28049,3.81296,0
1,Planet,3.48943,3.56652,0,-2.86115,2.7762,0
1.05,Star A,-0.497756,0.0472919,0,-0.420214,-4.42296,0
1.05,Star B,0.497761,-0.0472905,0,0.420223,4.42297,0
1.05,Planet,3.34369,3.70245,0,-2.96776,2.66021,0
1.1,Star A,-0.469758,-0.171243,0,1.52164,-4.17418,0
1.1,Star B,0.469764,0.171245,0,-1.52163,4.17419,0
1.1,Planet,3.19271,3.83243,0,-3.07097,2.53766,0
1.15,Star A,-0.350549,-0.356529,0,3.16805,-3.11492,0
1.15,Star B,0.350555,0.356531,0,-3.16804,3.11492,0
1.15,Planet,3.03663,3.95613,0,-3.17147,2.40969,0
1.2,Star A,-0.163274,-0.472588,0,4.19932,-1.45084,0
1.2,Star B,0.16328,0.47259,0,-4.19931,1.45084,0
1.2,Planet,2.87561,4.07334,0,-3.26871,2.27828,0
1.25,Star A,0.055704,-0.496887,0,4.41523,0.494945,0
1.25,Star B,-0.0556971,0.496889,0,-4.41522,-0.494939,0
1.25,Planet,2.70984,4.18393,0,-3.36112,2.14518,0
1.3,Star A,0.263867,-0.424706,0,3.77386,2.34463,0
1.3,Star B,-0.263859,0.424709,0,-3.77384,-2.34462,0
1.3,Planet,2.53961,4.28784,0,-3.447,2.01092,0
1.35,Star A,0.420796,-0.270062,0,2.39972,3.73906,0
1.35,Star B,-0.420788,0.270065,0,-2.39971,-3.73906,0
1.35,Planet,2.36527,4.38499,0,-3.52545,1.87467,0
1.4,Star A,0.496022,-0.06298,0,0.559645,4.4075,0
1.4,Star B,-0.496013,0.0629832,0,-0.559634,-4.40749,0
1.4,Planet,2.18719,4.47525,0,-3.59664,1.73486,0
1.45,Star A,0.474937,0.156331,0,-1.3891,4.22015,0
1.45,Star B,-0.474928,-0.156327,0,1.38911,-4.22014,0
1.45,Planet,2.00571,4.55839,0,-3.66157,1.59015,0
1.5,Star A,0.361637,0.345287,0,-3.06812,3.21338,0
1.5,Star B,-0.361628,-0.345283,0,3.06813,-3.21338,0
1.5,Planet,1.82111,4.63417,0,-3.7215,1.44025,0
1.55,Star A,0.17812,0.467201,0,-4.15142,1.58269,0
1.55,Star B,-0.17811,-0.467197,0,4.15143,-1.58268,0
1.55,Planet,1.63363,4.70235,0,-3.77729,1.28637,0
1.6,Star A,-0.039981,0.498401,0,-4.42865,-0.355305,0
1.6,Star B,0.0399917,-0.498396,0,4.42866,0.355313,0
1.6,Planet,1.44346,4.76278,0,-3.82875,1.13072,0
1.65,Star A,-0.250318,0.432828,0,-3.84598,-2.22431,0
1.65,Star B,0.250329,-0.432823,0,3.84599,2.22432,0
1.65,Planet,1.25084,4.81543,0,-3.87474,0.975305,0
1.7,Star A,-0.412051,0.283215,0,-2.51656,-3.66143,0
1.7,Star B,0.412062,-0.28321,0,2.51657,3.66144,0
1.7,Planet,1.0561,4.86033,0,-3.91381,0.820788,0
1.75,Star A,-0.493776,0.0786123,0,-0.698497,-4.38763,0
1.75,Star B,0.493788,-0.0786061,0,0.698509,4.38764,0
1.75,Planet,0.859593,4.89751,0,-3.94499,0.666351,0
1.8,Star A,-0.479625,-0.141254,0,1.25519,-4.26189,0
1.8,Star B,0.479638,0.141261,0,-1.25518,4.2619,0
1.8,Planet,0.661732,4.92694,0,-3.96816,0.510341,0
1.85,Star A,-0.372346,-0.333693,0,2.96516,-3.30863,0
1.85,Star B,0.372359,0.3337,0,-2.96515,3.30864,0
1.85,Planet,0.462899,4.94849,0,-3.98402,0.351294,0
1.9,Star A,-0.192768,-0.461339,0,4.09939,-1.71295,0
1.9,Star B,0.192783,0.461347,0,-4.09938,1.71296,0
1.9,Planet,0.263432,4.96201,0,-3.99378,0.188873,0
1.95,Star A,0.0242396,-0.499408,0,4.43767,0.215328,0
1.95,Star B,-0.0242248,0.499417,0,-4.43766,-0.215316,0
1.95,Planet,0.0636047,4.96734,0,-3.99852,0.0243233,0
2,Star A,0.236543,-0.440508,0,3.9143,2.1018,0
2,Star B,-0.236527,0.440517,0,-3.91429,-2.10179,0
2,Planet,-0.136342,4.96444,0,-3.99854,-0.14003,0
2.05,Star A,0.402918,-0.296075,0,2.6309,3.58017,0
2.05,Star B,-0.402902,0.296085,0,-2.63089,-3.58016,0
2.05,Planet,-0.33616,4.95338,0,-3.99316,-0.302091,0
2.1,Star A,0.491062,-0.0941533,0,0.836676,4.3634,0
2.1,Star B,-0.491046,0.0941635,0,-0.836664,-4.36339,0
2.1,Planet,-0.535548,4.93429,0,-3.98113,-0.461122,0
2.15,Star A,0.48386,0.126051,0,-1.12,4.2994,0
2.15,Star B,-0.483843,-0.12604,0,1.12002,-4.29939,0
2.15,Planet,-0.734143,4.9073,0,-3.96135,-0.617914,0
2.2,Star A,0.382711,0.321781,0,-2.85922,3.4006,0
2.2,Star B,-0.382693,-0.32177,0,2.85923,-3.40059,0
2.2,Planet,-0.931545,4.8725,0,-3.93337,-0.77412,0
2.25,Star A,0.207253,0.455034,0,-4.04326,1.84153,0
2.25,Star B,-0.207235,-0.455021,0,4.04327,-1.84151,0
2.25,Planet,-1.12735,4.82988,0,-3.89761,-0.931235,0
2.3,Star A,-0.0084445,0.499935,0,-4.44224,-0.0751126,0
2.3,Star B,0.00846346,-0.499922,0,4.44225,0.0751277,0
2.3,Planet,-1.3212,4.77936,0,-3.85526,-1.08964,0
2.35,Star A,-0.2225,0.447767,0,-3.97869,-1.97717,0
2.35,Star B,0.22252,-0.447753,0,3.9787,1.97718,0
2.35,Planet,-1.51279,4.72091,0,-3.80772,-1.24812,0
2.4,Star A,-0.393352,0.308659,0,-2.7426,-3.49532,0
2.4,Star B,0.393372,-0.308645,0,2.74261,3.49533,0
2.4,Planet,-1.7019,4.65458,0,-3.75582,-1.4044,0
2.45,Star A,-0.487827,0.109621,0,-0.973997,-4.3348,0
2.45,Star B,0.487847,-0.109606,0,0.974008,4.33481,0
2.45,Planet,-1.88829,4.58054,0,-3.6993,-1.55642,0
2.5,Star A,-0.487579,-0.1107,0,0.983728,-4.3326,0
2.5,Star B,0.4876,0.110716,0,-0.983717,4.33262,0
2.5,Planet,-2.07173,4.49903,0,-3.63707,-1.70344,0
2.55,Star A,-0.392658,-0.309525,0,2.75045,-3.48916,0
2.55,Star B,0.39268,0.309542,0,-2.75044,3.48917,0
2.55,Planet,-2.25189,4.41027,0,-3.56785,-1.84614,0
2.6,Star A,-0.221494,-0.448249,0,3.98312,-1.96824,0
2.6,Star B,0.221517,0.448267,0,-3.98311,1.96825,0
2.6,Planet,-2.42839,4.31446,0,-3.49085,-1.98609,0
2.65,Star A,-0.00732129,-0.499937,0,4.44241,-0.0651473,0
2.65,Star B,0.00734409,0.499956,0,-4.4424,0.0651656,0
2.65,Planet,-2.60084,4.21168,0,-3.40626,-2.12473,0
2.7,Star A,0.208275,-0.454552,0,4.03913,1.85059,0
2.7,Star B,-0.208252,0.454571,0,-4.03912,-1.85057,0
2.7,Planet,-2.76891,4.102,0,-3.3153,-2.26251,0
2.75,Star A,0.383434,-0.320906,0,2.85159,3.40701,0
2.75,Star B,-0.383411,0.320927,0,-2.85158,-3.40699,0
2.75,Planet,-2.9323,3.98546,0,-3.21975,-2.3984,0
2.8,Star A,0.484145,-0.124949,0,1.11037,4.3019,0
2.8,Star B,-0.484121,0.124971,0,-1.11036,-4.30189,0
2.8,Planet,-3.09083,3.86222,0,-3.1209,-2.53031,0
2.85,Star A,0.490854,0.095271,0,-0.84645,4.36151,0
2.85,Star B,-0.490829,-0.0952482,0,0.846459,-4.36149,0
2.85,Planet,-3.24434,3.73253,0,-3.01888,-2.65636,0
2.9,Star A,0.402258,0.296995,0,-2.63891,3.57427,0
2.9,Star B,-0.402233,-0.296971,0,2.63892,-3.57425,0
2.9,Planet,-3.39264,3.5967,0,-2.91269,-2.77576,0
2.95,Star A,0.235559,0.441054,0,-3.91899,2.09302,0
2.95,Star B,-0.235533,-0.44103,0,3.919,-2.093,0
2.95,Planet,-3.53551,3.45506,0,-2.80084,-2.88905,0
3,Star A,0.0231251,0.499478,0,-4.43813,0.205379,0
3,Star B,-0.023099,-0.499453,0,4.43814,-0.205358,0
3,Planet,-3.67262,3.30787,0,-2.68227,-2.99759,0
3.05,Star A,-0.193796,0.460923,0,-4.09553,-1.72214,0
3.05,Star B,0.193823,-0.460896,0,4.09554,1.72216,0
3.05,Planet,-3.80362,3.15535,0,-2.55696,-3.10275,0
3.1,Star A,-0.373087,0.332875,0,-2.95772,-3.31527,0
3.1,Star B,0.373114,-0.332847,0,2.95773,3.31529,0
3.1,Planet,-3.92822,2.99765,0,-2.42623,-3.2051,0
3.15,Star A,-0.479933,0.140196,0,-1.24562,-4.26469,0
3.15,Star B,0.479961,-0.140167,0,1.24562,4.26471,0
3.15,Planet,-4.04619,2.8349,0,-2.29217,-3.30392,0
3.2,Star A,-0.493591,-0.0797014,0,0.708345,-4.38604,0
3.2,Star B,0.493618,0.0797316,0,-0.708339,4.38606,0
3.2,Planet,-4.15741,2.66734,0,-2.15651,-3.3975,0
3.25,Star A,-0.411406,-0.28412,0,2.52477,-3.65577,0
3.25,Star B,0.411434,0.284152,0,-2.52476,3.6558,0
3.25,Planet,-4.26182,2.49527,0,-2.01963,-3.48415,0
3.3,Star A,-0.249338,-0.43337,0,3.85097,-2.21567,0
3.3,Star B,0.249366,0.433402,0,-3.85096,2.2157,0
3.3,Planet,-4.35934,2.31906,0,-1.88056,-3.56305,0
3.35,Star A,-0.0388542,-0.49847,0,4.42944,-0.345364,0
3.35,Star B,0.0388825,0.498504,0,-4.42944,0.345387,0
3.35,Planet,-4.44981,2.13909,0,-1.73766,-3.63448,0
3.4,Star A,0.179177,-0.466781,0,4.14786,1.59201,0
3.4,Star B,-0.179148,0.466816,0,-4.14786,-1.59198,0
3.4,Planet,-4.53302,1.95571,0,-1.58965,-3.69953,0
3.45,Star A,0.36242,-0.344456,0,3.06091,3.22027,0
3.45,Star B,-0.362392,0.344491,0,-3.06091,-3.22024,0
3.45,Planet,-4.60869,1.76922,0,-1.43638,-3.75951,0
3.5,Star A,0.475297,-0.155245,0,1.37963,4.22326,0
3.5,Star B,-0.475268,0.155282,0,-1.37963,-4.22324,0
3.5,Planet,-4.67659,1.57983,0,-1.27926,-3.81518,0
3.55,Star A,0.49589,0.064113,0,-0.569522,4.40624,0
3.55,Star B,-0.49586,-0.0640749,0,0.569525,-4.40622,0
3.55,Planet,-4.73659,1.38778,0,-1.12063,-3.86627,0
3.6,Star A,0.4202,0.271026,0,-2.4081,3.73368,0
3.6,Star B,-0.420171,-0.270987,0,2.4081,-3.73366,0
3.6,Planet,-4.78866,1.1933,0,-0.962446,-3.91155,0
3.65,Star A,0.262924,0.425318,0,-3.7791,2.33617,0
3.65,Star B,-0.262895,-0.425278,0,3.7791,-2.33614,0
3.65,Planet,-4.83285,0.996744,0,-0.805276,-3.94954,0
3.7,Star A,0.0546007,0.497032,0,-4.41633,0.48505,0
3.7,Star B,-0.0545711,-0.496991,0,4.41633,-0.485026,0
3.7,Planet,-4.86919,0.798488,0,-0.648164,-3.97932,0
3.75,Star A,-0.164322,0.472243,0,-4.19605,-1.46024,0
3.75,Star B,0.164351,-0.4722,0,4.19605,1.46027,0
3.75,Planet,-4.89764,0.59895,0,-0.489398,-4.00085,0
3.8,Star A,-0.351336,0.355765,0,-3.16105,-3.12201,0
3.8,Star B,0.351365,-0.355721,0,3.16105,3.12203,0
3.8,Planet,-4.91808,0.398527,0,-0.327548,-4.01493,0
3.85,Star A,-0.470129,0.170213,0,-1.51227,-4.17758,0
3.85,Star B,0.470159,-0.170168,0,1.51227,4.1776,0
3.85,Planet,-4.93034,0.197561,0,-0.162412,-4.02281,0
3.9,Star A,-0.497636,-0.0483843,0,0.430138,-4.422,0
3.9,Star B,0.497666,0.0484308,0,-0.430138,4.42202,0
3.9,Planet,-4.93429,-0.00366847,0,0.00459639,-4.02556,0
3.95,Star A,-0.428516,-0.257582,0,2.28903,-3.80782,0
3.95,Star B,0.428546,0.25763,0,-2.28903,3.80784,0
3.95,Planet,-4.92989,-0.204915,0,0.171049,-4.02345,0
4,Star A,-0.27619,-0.416762,0,3.70346,-2.45428,0
4,Star B,0.27622,0.416811,0,-3.70347,2.45431,0
4,Planet,-4.91723,-0.40592,0,0.334871,-4.01572,0
4.05,Star A,-0.0702342,-0.495015,0,4.39881,-0.624205,0
4.05,Star B,0.0702639,0.495066,0,-4.39881,0.624229,0
4.05,Planet,-4.89646,-0.606372,0,0.495435,-4.0011,0
4.1,Star A,0.149362,-0.477149,0,4.24006,1.32707,0
4.1,Star B,-0.149332,0.4772,0,-4.24006,-1.32705,0
4.1,Planet,-4.86773,-0.805897,0,0.653643,-3.97852,0
4.15,Star A,0.33996,-0.366631,0,3.25803,3.02068,0
4.15,Star B,-0.33993,0.366684,0,-3.25803,-3.02066,0
4.15,Planet,-4.83111,-1.00408,0,0.811199,-3.94757,0
4.2,Star A,0.464551,-0.184921,0,1.6434,4.12778,0
4.2,Star B,-0.464522,0.184974,0,-1.6434,-4.12775,0
4.2,Planet,-4.78659,-1.20052,0,0.969566,-3.90877,0
4.25,Star A,0.498946,0.0327002,0,-0.290325,4.4334,0
4.25,Star B,-0.498917,-0.0326454,0,0.290321,-4.43338,0
4.25,Planet,-4.73413,-1.39485,0,1.12901,-3.86337,0
4.3,Star A,0.436465,0.243977,0,-2.16768,3.87821,0
4.3,Star B,-0.436436,-0.243921,0,2.16767,-3.87818,0
4.3,Planet,-4.67369,-1.58677,0,1.2882,-3.81282,0
4.35,Star A,0.28924,0.407887,0,-3.62414,2.57,0
4.35,Star B,-0.289211,-0.40783,0,3.62414,-2.56998,0
4.35,Planet,-4.60535,-1.77606,0,1.4448,-3.75791,0
4.4,Star A,0.0858565,0.492605,0,-4.37692,0.762785,0
4.4,Star B,-0.0858279,-0.492547,0,4.37691,-0.762762,0
4.4,Planet,-4.52929,-1.96249,0,1.59678,-3.69835,0
4.45,Star A,-0.134194,0.481681,0,-4.27984,-1.19253,0
4.45,Star B,0.134223,-0.481622,0,4.27984,1.19256,0
4.45,Planet,-4.44576,-2.1458,0,1.7435,-3.63301,0
4.5,Star A,-0.328186,0.377237,0,-3.35177,-2.9163,0
4.5,Star B,0.328214,-0.377176,0,3.35176,2.91632,0
4.5,Planet,-4.35502,-2.32567,0,1.88574,-3.56061,0
4.55,Star A,-0.458453,0.199551,0,-1.7729,-4.07382,0
4.55,Star B,0.45848,-0.19949,0,1.77289,4.07384,0
4.55,Planet,-4.25724,-2.50173,0,2.02509,-3.48042,0
4.6,Star A,-0.4997,-0.0168741,0,0.150216,-4.44033,0
4.6,Star B,0.499728,0.016937,0,-0.150222,4.44035,0
4.6,Planet,-4.15253,-2.67359,0,2.16299,-3.3927,0
4.65,Star A,-0.44392,-0.230017,0,2.04416,-3.94468,0
4.65,Star B,0.443948,0.230081,0,-2.04417,3.9447,0
4.65,Planet,-4.04096,-2.8409,0,2.29978,-3.29876,0
4.7,Star A,-0.301943,-0.398492,0,3.5412,-2.68311,0
4.7,Star B,0.30197,0.398557,0,-3.5412,2.68313,0
4.7,Planet,-3.92259,-3.00339,0,2.43436,-3.20041,0
4.75,Star A,-0.101337,-0.489587,0,4.35065,-0.90056,0
4.75,Star B,0.101363,0.489654,0,-4.35066,0.900581,0
4.75,Planet,-3.79759,-3.16088,0,2.56464,-3.09895,0
4.8,Star A,0.118949,-0.485615,0,4.31535,1.05685,0
4.8,Star B,-0.118923,0.485682,0,-4.31536,-1.05683,0
4.8,Planet,-3.66623,-3.31323,0,2.68877,-2.99444,0
4.85,Star A,0.316141,-0.387345,0,3.44216,2.80905,0
4.85,Star B,-0.316116,0.387414,0,-3.44217,-2.80903,0
4.85,Planet,-3.52883,-3.46026,0,2.80606,-2.88582,0
4.9,Star A,0.451952,-0.21386,0,1.90061,4.01584,0
4.9,Star B,-0.451927,0.213929,0,-1.90062,-4.01582,0
4.9,Planet,-3.38573,-3.60172,0,2.91714,-2.77163,0
4.95,Star A,0.500011,0.00115653,0,-0.00996942,4.44288,0
4.95,Star B,-0.499986,-0.00108632,0,0.00996035,-4.44286,0
4.95,Planet,-3.2372,-3.73731,0,3.02339,-2.65083,0
5,Star A,0.450987,0.215955,0,-1.91862,4.00727,0
5,Star B,-0.450963,-0.215884,0,1.91861,-4.00725,0
5,Planet,-3.08345,-3.8667,0,3.12615,-2.52351,0
5.05,Star A,0.314399,0.38883,0,-3.45473,2.79358,0
5.05,Star B,-0.314376,-0.388758,0,3.45472,-2.79356,0
5.05,Planet,-2.92463,-3.98958,0,3.22594,-2.39107,0
5.1,Star A,0.116768,0.486213,0,-4.32006,1.03748,0
5.1,Star B,-0.116745,-0.48614,0,4.32005,-1.03746,0
5.1,Planet,-2.76091,-4.10575,0,3.32199,-2.25563,0
5.15,Star A,-0.103534,0.489198,0,-4.34657,-0.920068,0
5.15,Star B,0.103556,-0.489124,0,4.34656,0.920086,0
5.15,Planet,-2.59252,-4.21512,0,3.4126,-2.11886,0
5.2,Star A,-0.30373,0.397204,0,-3.52913,-2.69897,0
5.2,Star B,0.303753,-0.397129,0,3.52912,2.69898,0
5.2,Planet,-2.41977,-4.31762,0,3.49615,-1.98107,0
5.25,Star A,-0.444951,0.228093,0,-2.02645,-3.95381,0
5.25,Star B,0.444972,-0.228018,0,2.02644,3.95383,0
5.25,Planet,-2.24304,-4.41319,0,3.57191,-1.84122,0
5.3,Star A,-0.499774,0.0147021,0,-0.130304,-4.44096,0
5.3,Star B,0.499796,-0.0146255,0,0.130294,4.44098,0
5.3,Planet,-2.06271,-4.50168,0,3.64022,-1.69768,0
5.35,Star A,-0.457557,-0.201536,0,1.79114,-4.06582,0
5.35,Star B,0.457577,0.201614,0,-1.79115,4.06584,0
5.35,Planet,-1.87912,-4.58288,0,3.70221,-1.54922,0
5.4,Star A,-0.326495,-0.378636,0,3.36481,-2.90124,0
5.4,Star B,0.326515,0.378714,0,-3.36482,2.90125,0
5.4,Planet,-1.69257,-4.65652,0,3.75914,-1.39582,0
5.45,Star A,-0.132037,-0.482209,0,4.28514,-1.17333,0
5.45,Star B,0.132056,0.482288,0,-4.28515,1.17334,0
5.45,Planet,-1.50328,-4.7224,0,3.81177,-1.23895,0
5.5,Star A,0.0880604,-0.492146,0,4.37344,0.782408,0
5.5,Star B,-0.0880415,0.492226,0,-4.37346,-0.782392,0
5.5,Planet,-1.31147,-4.7804,0,3.85978,-1.08093,0
5.55,Star A,0.291061,-0.406517,0,3.61257,2.58623,0
5.55,Star B,-0.291043,0.406598,0,-3.61258,-2.58621,0
5.55,Planet,-1.1174,-4.83051,0,3.90193,-0.923658,0
5.6,Star A,0.437549,-0.241948,0,2.15025,3.88789,0
5.6,Star B,-0.437531,0.24203,0,-2.15026,-3.88787,0
5.6,Planet,-0.921397,-4.87278,0,3.93681,-0.767555,0
5.65,Star A,0.499081,-0.0303934,0,0.270427,4.43465,0
5.65,Star B,-0.499064,0.0304754,0,-0.270439,-4.43464,0
5.65,Planet,-0.723852,-4.90727,0,3.9636,-0.611596,0
5.7,Star A,0.463711,0.187071,0,-1.66191,4.12036,0
5.7,Star B,-0.463694,-0.186988,0,1.66189,-4.12034,0
5.7,Planet,-0.525172,-4.93392,0,3.98231,-0.45408,0
5.75,Star A,0.338305,0.36822,0,-3.27155,3.00603,0
5.75,Star B,-0.338289,-0.368137,0,3.27154,-3.00602,0
5.75,Planet,-0.325743,-4.95262,0,3.99376,-0.293657,0
5.8,Star A,0.147213,0.477882,0,-4.24598,1.30803,0
5.8,Star B,-0.147197,-0.477798,0,4.24597,-1.30802,0
5.8,Planet,-0.125896,-4.96323,0,3.99923,-0.130241,0
5.85,Star A,-0.0724616,0.494763,0,-4.39598,-0.643937,0
5.85,Star B,0.0724764,-0.494678,0,4.39596,0.643949,0
5.85,Planet,0.0740979,-4.96562,0,3.99974,0.0346772,0
5.9,Star A,-0.278065,0.415586,0,-3.69242,-2.47088,0
5.9,Star B,0.278079,-0.4155,0,3.69241,2.47089,0
5.9,Planet,0.273999,-4.95978,0,3.99549,0.198705,0
5.95,Star A,-0.429676,0.255724,0,-2.27193,-3.81805,0
5.95,Star B,0.429689,-0.255638,0,2.27192,3.81806,0
5.95,Planet,0.473555,-4.9458,0,3.98571,0.359911,0
6,Star A,-0.497857,0.0462178,0,-0.410303,-4.42389,0
6,Star B,0.49787,-0.0461315,0,0.410291,4.4239,0
6,Planet,0.672458,-4.92384,0,3.96916,0.517823,0
6.05,Star A,-0.46937,-0.172254,0,1.53099,-4.17076,0
6.05,Star B,0.469382,0.172341,0,-1.531,4.17077,0
6.05,Planet,0.870342,-4.89406,0,3.94484,0.673431,0
6.1,Star A,-0.349745,-0.357272,0,3.17501,-3.1078,0
6.1,Star B,0.349757,0.357359,0,-3.17502,3.10781,0
6.1,Planet,1.06681,-4.85651,0,3.91241,0.828425,0
6.15,Star A,-0.162211,-0.47291,0,4.20256,-1.44141,0
6.15,Star B,0.162222,0.472998,0,-4.20257,1.44142,0
6.15,Planet,1.26146,-4.8112,0,3.87247,0.984172,0
6.2,Star A,0.0568202,-0.496718,0,4.4141,0.504848,0
6.2,Star B,-0.0568095,0.496806,0,-4.41411,-0.504839,0
6.2,Planet,1.45395,-4.75808,0,3.82627,1.14081,0
6.25,Star A,0.26482,-0.42407,0,3.76858,2.35309,0
6.25,Star B,-0.26481,0.424159,0,-3.76859,-2.35308,0
6.25,Planet,1.644,-4.69713,0,3.77522,1.29692,0
6.3,Star A,0.421401,-0.269074,0,2.39132,3.74444,0
6.3,Star B,-0.421392,0.269163,0,-2.39133,-3.74443,0
6.3,Planet,1.8314,-4.62843,0,3.72002,1.45022,0
6.35,Star A,0.496162,-0.0618242,0,0.549747,4.40874,0
6.35,Star B,-0.496153,0.0619136,0,-0.549758,-4.40874,0
6.35,Planet,2.01593,-4.55219,0,3.66028,1.59885,0
6.4,Star A,0.474585,0.157438,0,-1.39857,4.21702,0
6.4,Star B,-0.474577,-0.157349,0,1.39856,-4.21701,0
6.4,Planet,2.19734,-4.46864,0,3.59487,1.74234,0
6.45,Star A,0.360861,0.346141,0,-3.07533,3.20649,0
6.45,Star B,-0.360853,-0.346051,0,3.07532,-3.20649,0
6.45,Planet,2.3753,-4.37802,0,3.52256,1.88158,0
6.5,Star A,0.17707,0.467643,0,-4.15497,1.57338,0
6.5,Star B,-0.177063,-0.467552,0,4.15496,-1.57337,0
6.5,Planet,2.54947,-4.28052,0,3.44273,2.01815,0
6.55,Star A,-0.0411006,0.498353,0,-4.42785,-0.365238,0
6.55,Star B,0.0411075,-0.498262,0,4.42784,0.365244,0
6.55,Planet,2.71945,-4.17623,0,3.35573,2.15338,0
6.6,Star A,-0.251291,0.432309,0,-3.84099,-2.23294,0
6.6,Star B,0.251297,-0.432218,0,3.84098,2.23294,0
6.6,Planet,2.88494,-4.0652,0,3.26293,2.28748,0
6.65,Star A,-0.412688,0.282333,0,-2.50835,-3.66707,0
6.65,Star B,0.412694,-0.282242,0,2.50834,3.66708,0
6.65,Planet,3.04568,-3.94752,0,3.16608,2.41923,0
6.7,Star A,-0.493954,0.0775471,0,-0.688665,-4.38918,0
6.7,Star B,0.49396,-0.0774558,0,0.688656,4.38919,0
6.7,Planet,3.2015,-3.82335,0,3.06632,2.54659,0
6.75,Star A,-0.479311,-0.142287,0,1.26473,-4.25906,0
6.75,Star B,0.479316,0.142379,0,-1.26474,4.25907,0
6.75,Planet,3.35226,-3.69296,0,2.96355,2.66787,0
6.8,Star A,-0.371601,-0.334485,0,2.97256,-3.30198,0
6.8,Star B,0.371606,0.334577,0,-2.97257,3.30198,0
6.8,Planet,3.49779,-3.55668,0,2.85666,2.78258,0
6.85,Star A,-0.191738,-0.461729,0,4.10322,-1.70376,0
6.85,Star B,0.191742,0.46182,0,-4.10322,1.70376,0
6.85,Planet,3.63784,-3.4148,0,2.74423,2.89144,0
6.9,Star A,0.0253541,-0.499311,0,4.43716,0.225276,0
6.9,Star B,-0.0253504,0.499403,0,-4.43717,-0.225273,0
6.9,Planet,3.7721,-3.26761,0,2.62535,2.99583,0
6.95,Star A,0.237524,-0.439935,0,3.90956,2.11057,0
6.95,Star B,-0.237521,0.440027,0,-3.90957,-2.11057,0
6.95,Planet,3.90027,-3.11527,0,2.50026,3.09703,0
7,Star A,0.403575,-0.295129,0,2.62286,3.58606,0
7,Star B,-0.403572,0.295222,0,-2.62286,-3.58606,0
7,Planet,4.02205,-2.95795,0,2.37044,3.19537,0
7.05,Star A,0.491265,-0.0930106,0,0.826878,4.36526,0
7.05,Star B,-0.491263,0.093103,0,-0.826884,-4.36526,0
7.05,Planet,4.13727,-2.7958,0,2.23795,3.28997,0
7.1,Star A,0.483569,0.127177,0,-1.12965,4.29687,0
7.1,Star B,-0.483567,-0.127084,0,1.12965,-4.29687,0
7.1,Planet,4.24583,-2.62904,0,2.10425,3.37913,0
7.15,Star A,0.38198,0.322679,0,-2.86684,3.39418,0
7.15,Star B,-0.381978,-0.322587,0,2.86684,-3.39417,0
7.15,Planet,4.34767,-2.458,0,1.96942,3.46135,0
7.2,Star A,0.206223,0.455538,0,-4.04739,1.83245,0
7.2,Star B,-0.206222,-0.455445,0,4.04739,-1.83245,0
7.2,Planet,4.44273,-2.28304,0,1.83233,3.53606,0
7.25,Star A,-0.00957453,0.499955,0,-4.44207,-0.0850828,0
7.25,Star B,0.00957594,-0.499862,0,4.44207,0.085084,0
7.25,Planet,4.53084,-2.10451,0,1.69139,3.60375,0
7.3,Star A,-0.223513,0.447306,0,-3.97425,-1.98609,0
7.3,Star B,0.223514,-0.447214,0,3.97425,1.98609,0
7.3,Planet,4.61179,-1.92276,0,1.54551,3.66557,0
7.35,Star A,-0.394053,0.307815,0,-2.73476,-3.50147,0
7.35,Star B,0.394054,-0.307722,0,2.73476,3.50147,0
7.35,Planet,4.68531,-1.73803,0,1.39487,3.72272,0
7.4,Star A,-0.488081,0.108566,0,-0.964279,-4.33698,0
7.4,Star B,0.488082,-0.108473,0,0.964276,4.33698,0
7.4,Planet,4.75122,-1.55055,0,1.24107,3.77579,0
7.45,Star A,-0.48734,-0.111755,0,0.993436,-4.33039,0
7.45,Star B,0.487341,0.111847,0,-0.993439,4.33039,0
7.45,Planet,4.80941,-1.36053,0,1.08636,3.8243,0
7.5,Star A,-0.391974,-0.310367,0,2.75826,-3.48299,0
7.5,Star B,0.391974,0.31046,0,-2.75826,3.48299,0
7.5,Planet,4.85987,-1.16822,0,0.932398,3.86695,0
7.55,Star A,-0.220499,-0.448707,0,3.98752,-1.95931,0
7.55,Star B,0.2205,0.4488,0,-3.98752,1.95931,0
7.55,Planet,4.90266,-0.973954,0,0.779349,3.90241,0
7.6,Star A,-0.00621125,-0.499915,0,4.44254,-0.0551925,0
7.6,Star B,0.00621144,0.500008,0,-4.44254,0.0551926,0
7.6,Planet,4.9378,-0.778112,0,0.626049,3.92997,0
7.65,Star A,0.209283,-0.454047,0,4.03497,1.85964,0
7.65,Star B,-0.209283,0.45414,0,-4.03497,-1.85964,0
7.65,Planet,4.96523,-0.581086,0,0.470816,3.94981,0
7.7,Star A,0.384141,-0.320009,0,2.84394,3.41339,0
7.7,Star B,-0.384141,0.320102,0,-2.84394,-3.41339,0
7.7,Planet,4.98483,-0.383244,0,0.312474,3.96284,0
7.75,Star A,0.484412,-0.123827,0,1.10071,4.30437,0
7.75,Star B,-0.484412,0.12392,0,-1.10071,-4.30437,0
7.75,Planet,4.99643,-0.184896,0,0.151172,3.97027,0
7.8,Star A,0.490627,0.0964067,0,-0.856234,4.3596,0
7.8,Star B,-0.490627,-0.0963138,0,0.856234,-4.3596,0
7.8,Planet,4.99993,0.0137048,0,-0.0114352,3.973,0
7.85,Star A,0.401578,0.297931,0,-2.64693,3.56833,0
7.85,Star B,-0.401578,-0.297838,0,2.64693,-3.56833,0
7.85,Planet,4.99531,0.212326,0,-0.172999,3.97103,0
7.9,Star A,0.234556,0.441616,0,-3.92368,2.08421,0
7.9,Star B,-0.234556,-0.441523,0,3.92368,-2.08421,0
7.9,Planet,4.98267,0.410714,0,-0.331826,3.96344,0
7.95,Star A,0.0219918,0.499563,0,-4.43858,0.195414,0
7.95,Star B,-0.0219917,-0.49947,0,4.43858,-0.195413,0
7.95,Planet,4.96217,0.608556,0,-0.48772,3.949,0
8,Star A,-0.194843,0.46052,0,-4.09166,-1.73133,0
8,Star B,0.194843,-0.460427,0,4.09166,1.73133,0
8,Planet,4.93393,0.805484,0,-0.641835,3.92681,0
8.05,Star A,-0.373846,0.33207,0,-2.95028,-3.32191,0
8.05,Star B,0.373846,-0.331977,0,2.95028,3.32191,0
8.05,Planet,4.89799,1.0011,0,-0.795854,3.89672,0
8.1,Star A,-0.48026,0.139151,0,-1.23605,-4.26748,0
8.1,Star B,0.48026,-0.139058,0,1.23605,4.26748,0
8.1,Planet,4.85433,1.19504,0,-0.950973,3.85942,0
8.15,Star A,-0.493424,-0.0807769,0,0.718179,-4.38445,0
8.15,Star B,0.493425,0.0808699,0,-0.718176,4.38445,0
8.15,Planet,4.80288,1.38695,0,-1.10707,3.81621,0
8.2,Star A,-0.410782,-0.285012,0,2.53296,-3.65011,0
8.2,Star B,0.410782,0.285105,0,-2.53296,3.65011,0
8.2,Planet,4.74363,1.57658,0,-1.26252,3.76837,0
8.25,Star A,-0.248379,-0.433898,0,3.85593,-2.20704,0
8.25,Star B,0.24838,0.433991,0,-3.85592,2.20704,0
8.25,Planet,4.67667,1.76372,0,-1.41504,3.71637,0
8.3,Star A,-0.0377496,-0.498526,0,4.4302,-0.335439,0
8.3,Star B,0.0377508,0.498619,0,-4.4302,0.33544,0
8.3,Planet,4.6022,1.94814,0,-1.56301,3.65961,0
8.35,Star A,0.18021,-0.466349,0,4.14428,1.6013,0
8.35,Star B,-0.180208,0.466442,0,-4.14428,-1.60129,0
8.35,Planet,4.52045,2.12958,0,-1.70619,3.59691,0
8.4,Star A,0.363179,-0.343613,0,3.05368,3.22711,0
8.4,Star B,-0.363177,0.343706,0,-3.05368,-3.22711,0
8.4,Planet,4.43164,2.30771,0,-1.84568,3.52712,0
8.45,Star A,0.47563,-0.15415,0,1.37016,4.22633,0
8.45,Star B,-0.475628,0.154243,0,-1.37015,-4.22633,0
8.45,Planet,4.33592,2.48216,0,-1.98305,3.44977,0
8.5,Star A,0.495731,0.0652526,0,-0.579402,4.40494,0
8.5,Star B,-0.495729,-0.0651593,0,0.579408,-4.40494,0
8.5,Planet,4.23335,2.65257,0,-2.11948,3.36541,0
8.55,Star A,0.419578,0.271995,0,-2.41646,3.72826,0
8.55,Star B,-0.419575,-0.271901,0,2.41647,-3.72826,0
8.55,Planet,4.12399,2.81861,0,-2.25492,3.2755,0
8.6,Star A,0.261957,0.425933,0,-3.78433,2.32767,0
8.6,Star B,-0.261954,-0.42584,0,3.78433,-2.32767,0
8.6,Planet,4.0079,2.98006,0,-2.38791,3.18169,0
8.65,Star A,0.0534727,0.497179,0,-4.4174,0.475133,0
8.65,Star B,-0.0534694,-0.497086,0,4.41741,-0.47513,0
8.65,Planet,3.88527,3.13673,0,-2.51638,3.08488,0
8.7,Star A,-0.165393,0.471899,0,-4.19276,-1.46966,0
8.7,Star B,0.165397,-0.471805,0,4.19277,1.46967,0
8.7,Planet,3.75637,3.28849,0,-2.6388,2.98472,0
8.75,Star A,-0.352145,0.355001,0,-3.15403,-3.1291,0
8.75,Star B,0.35215,-0.354907,0,3.15404,3.1291,0
8.75,Planet,3.6215,3.43513,0,-2.75491,2.88,0
8.8,Star A,-0.470522,0.169182,0,-1.50289,-4.18097,0
8.8,Star B,0.470527,-0.169088,0,1.5029,4.18097,0
8.8,Planet,3.48097,3.57639,0,-2.86561,2.76932,0
8.85,Star A,-0.497539,-0.0494764,0,0.440059,-4.42103,0
8.85,Star B,0.497544,0.0495707,0,-0.44005,4.42104,0
8.85,Planet,3.335,3.71195,0,-2.97233,2.65197,0
8.9,Star A,-0.42795,-0.258519,0,2.29757,-3.80268,0
8.9,Star B,0.427955,0.258614,0,-2.29756,3.80269,0
8.9,Planet,3.18378,3.84148,0,-3.07621,2.52841,0
8.95,Star A,-0.275267,-0.417357,0,3.70896,-2.44598,0
8.95,Star B,0.275273,0.417452,0,-3.70896,2.44598,0
8.95,Planet,3.02743,3.96471,0,-3.17735,2.40027,0
9,Star A,-0.0691354,-0.495149,0,4.40021,-0.614347,0
9,Star B,0.0691418,0.495244,0,-4.4002,0.614352,0
9,Planet,2.86611,4.08147,0,-3.27462,2.26958,0
9.05,Star A,0.15042,-0.476791,0,4.23708,1.33657,0
9.05,Star B,-0.150413,0.476886,0,-4.23707,-1.33657,0
9.05,Planet,2.70006,4.19165,0,-3.36624,2.13754,0
9.1,Star A,0.34077,-0.365846,0,3.25125,3.02797,0
9.1,Star B,-0.340763,0.365942,0,-3.25124,-3.02797,0
9.1,Planet,2.5296,4.2952,0,-3.4508,2.00398,0
9.15,Star A,0.464954,-0.183857,0,1.63414,4.13144,0
9.15,Star B,-0.464946,0.183953,0,-1.63413,-4.13144,0
9.15,Planet,2.35511,4.392,0,-3.52794,1.8676,0
9.2,Star A,0.498861,0.0338399,0,-0.30026,4.43273,0
9.2,Star B,-0.498853,-0.0337437,0,0.300271,-4.43272,0
9.2,Planet,2.17692,4.48188,0,-3.59829,1.72684,0
9.25,Star A,0.435906,0.244976,0,-2.17636,3.87333,0
9.25,Star B,-0.435897,-0.244879,0,2.17637,-3.87332,0
9.25,Planet,1.99537,4.56459,0,-3.66309,1.58078,0
9.3,Star A,0.288314,0.408555,0,-3.62989,2.56186,0
9.3,Star B,-0.288305,-0.408458,0,3.6299,-2.56185,0
9.3,Planet,1.81069,4.63988,0,-3.72347,1.42987,0
9.35,Star A,0.0847423,0.492816,0,-4.37861,0.752959,0
9.35,Star B,-0.0847321,-0.492719,0,4.37862,-0.752951,0
9.35,Planet,1.62309,4.70753,0,-3.77983,1.2759,0
9.4,Star A,-0.135283,0.481398,0,-4.27715,-1.20214,0
9.4,Star B,0.135294,-0.4813,0,4.27716,1.20214,0
9.4,Planet,1.43278,4.76746,0,-3.83142,1.12114,0
9.45,Star A,-0.32904,0.376518,0,-3.34521,-2.92382,0
9.45,Star B,0.329051,-0.37642,0,3.34522,2.92382,0
9.45,Planet,1.24005,4.81966,0,-3.87685,0.967033,0
9.5,Star A,-0.458907,0.198541,0,-1.76374,-4.07779,0
9.5,Star B,0.458919,-0.198442,0,1.76376,4.0778,0
9.5,Planet,1.04522,4.86417,0,-3.91479,0.81347,0
9.55,Star A,-0.499669,-0.0179768,0,0.160184,-4.43999,0
9.55,Star B,0.499681,0.0180759,0,-0.160172,4.44,0
9.55,Planet,0.848703,4.90099,0,-3.9447,0.659115,0
9.6,Star A,-0.44341,-0.230994,0,2.05301,-3.94009,0
9.6,Star B,0.443423,0.231094,0,-2.053,3.9401,0
9.6,Planet,0.650883,4.93004,0,-3.9669,0.502281,0
9.65,Star A,-0.301055,-0.399151,0,3.54721,-2.67516,0
9.65,Star B,0.301069,0.399251,0,-3.5472,2.67517,0
9.65,Planet,0.452125,4.95116,0,-3.98241,0.341957,0
9.7,Star A,-0.100244,-0.489796,0,4.35267,-0.890804,0
9.7,Star B,0.100258,0.489897,0,-4.35266,0.890816,0
9.7,Planet,0.252733,4.96418,0,-3.99244,0.17857,0
9.75,Star A,0.120032,-0.48533,0,4.31298,1.06652,0
9.75,Star B,-0.120018,0.485431,0,-4.31297,-1.06651,0
9.75,Planet,0.0529582,4.969,0,-3.99776,0.0140152,0
9.8,Star A,0.317004,-0.386618,0,3.43586,2.81676,0
9.8,Star B,-0.316989,0.38672,0,-3.43585,-2.81675,0
9.8,Planet,-0.146961,4.9656,0,-3.99813,-0.149318,0
9.85,Star A,0.452426,-0.212829,0,1.89161,4.02009,0
9.85,Star B,-0.45241,0.212932,0,-1.8916,-4.02007,0
9.85,Planet,-0.346754,4.95411,0,-3.99249,-0.309911,0
9.9,Star A,0.500003,0.00229448,0,-0.0199237,4.44284,0
9.9,Star B,-0.499987,-0.00219129,0,0.0199357,-4.44283,0
9.9,Planet,-0.546089,4.93466,0,-3.97958,-0.467813,0
9.95,Star A,0.450498,0.216983,0,-1.92759,4.00295,0
9.95,Star B,-0.450481,-0.216879,0,1.9276,-4.00294,0
9.95,Planet,-0.744578,4.90735,0,-3.9586,-0.624355,0
10,Star A,0.313524,0.38955,0,-3.46098,2.78583,0
10,Star B,-0.313506,-0.389446,0,3.46099,-2.78581,0
10,Planet,-0.941814,4.87222,0,-3.92953,-0.781244,0
10.05,Star A,0.115675,0.48649,0,-4.32236,1.02778,0
10.05,Star B,-0.115656,-0.486385,0,4.32238,-1.02777,0
10.05,Planet,-1.13741,4.8292,0,-3.89321,-0.93953,0
10.1,Star A,-0.104632,0.48898,0,-4.34449,-0.929816,0
10.1,Star B,0.104651,-0.488874,0,4.3445,0.929831,0
10.1,Planet,-1.33104,4.77825,0,-3.85101,-1.09882,0
10.15,Star A,-0.304622,0.396538,0,-3.52306,-2.70688,0
10.15,Star B,0.304641,-0.396431,0,3.52307,2.70689,0
10.15,Planet,-1.52243,4.71934,0,-3.80413,-1.25726,0
10.2,Star A,-0.445462,0.227111,0,-2.01757,-3.95835,0
10.2,Star B,0.445482,-0.227003,0,2.01758,3.95837,0
10.2,Planet,-1.71138,4.65257,0,-3.75285,-1.41249,0
10.25,Star A,-0.499806,0.013597,0,-0.120333,-4.44124,0
10.25,Star B,0.499827,-0.0134886,0,0.120344,4.44126,0
10.25,Planet,-1.89763,4.57817,0,-3.69642,-1.563,0
10.3,Star A,-0.457103,-0.202546,0,1.80027,-4.0618,0
10.3,Star B,0.457124,0.202655,0,-1.80026,4.06181,0
10.3,Planet,-2.08091,4.49635,0,-3.63358,-1.7088,0
10.35,Star A,-0.325644,-0.379351,0,3.37132,-2.89368,0
10.35,Star B,0.325666,0.379461,0,-3.37131,2.8937,0
10.35,Planet,-2.26086,4.40734,0,-3.56323,-1.85112,0
10.4,Star A,-0.130953,-0.482488,0,4.28777,-1.16371,0
10.4,Star B,0.130976,0.482599,0,-4.28776,1.16373,0
10.4,Planet,-2.4371,4.31127,0,-3.48503,-1.99159,0
10.45,Star A,0.089166,-0.491931,0,4.37169,0.792216,0
10.45,Star B,-0.0891432,0.492043,0,-4.37168,-0.792198,0
10.45,Planet,-2.60925,4.2082,0,-3.3997,-2.13126,0
10.5,Star A,0.291975,-0.405847,0,3.60677,2.59432,0
10.5,Star B,-0.291951,0.40596,0,-3.60676,-2.5943,0
10.5,Planet,-2.77698,4.09816,0,-3.30882,-2.26986,0
10.55,Star A,0.438094,-0.24095,0,2.14154,3.8927,0
10.55,Star B,-0.43807,0.241064,0,-2.14153,-3.89268,0
10.55,Planet,-2.94007,3.98126,0,-3.21403,-2.40572,0
10.6,Star A,0.499152,-0.0292576,0,0.260491,4.43525,0
10.6,Star B,-0.499128,0.0293723,0,-0.260481,-4.43523,0
10.6,Planet,-3.09833,3.85767,0,-3.1161,-2.53667,0
10.65,Star A,0.463294,0.188127,0,-1.67113,4.11662,0
10.65,Star B,-0.463269,-0.188011,0,1.67114,-4.1166,0
10.65,Planet,-3.25161,3.7277,0,-3.01451,-2.66128,0
10.7,Star A,0.337483,0.368995,0,-3.27828,2.99869,0
10.7,Star B,-0.337457,-0.368878,0,3.27829,-2.99867,0
10.7,Planet,-3.3997,3.59165,0,-2.90793,-2.77946,0
10.75,Star A,0.146146,0.478227,0,-4.24889,1.29851,0
10.75,Star B,-0.14612,-0.47811,0,4.2489,-1.29849,0
10.75,Planet,-3.5423,3.44984,0,-2.79501,-2.89224,0
10.8,Star A,-0.0735654,0.494616,0,-4.39451,-0.65379,0
10.8,Star B,0.0735914,-0.494497,0,4.39452,0.653811,0
10.8,Planet,-3.67908,3.30249,0,-2.67513,-3.0011,0
10.85,Star A,-0.27899,0.414978,0,-3.68686,-2.47915,0
10.85,Star B,0.279016,-0.414858,0,3.68687,2.47917,0
10.85,Planet,-3.80971,3.14978,0,-2.54894,-3.10712,0
10.9,Star A,-0.430242,0.254777,0,-2.26335,-3.82313,0
10.9,Star B,0.430268,-0.254656,0,2.26336,3.82316,0
10.9,Planet,-3.9339,2.99183,0,-2.41824,-3.21023,0
10.95,Star A,-0.497952,0.0451189,0,-0.400371,-4.4248,0
10.95,Star B,0.497979,-0.0449969,0,0.400377,4.42482,0
10.95,Planet,-4.05149,2.82883,0,-2.28508,-3.30911,0
11,Star A,-0.468974,-0.173288,0,1.54035,-4.16731,0
11,Star B,0.469002,0.173411,0,-1.54034,4.16733,0
11,Planet,-4.16239,2.66102,0,-2.15059,-3.40192,0
11.05,Star A,-0.348935,-0.358037,0,3.18198,-3.10067,0
11.05,Star B,0.348963,0.358161,0,-3.18198,3.10069,0
11.05,Planet,-4.26652,2.48876,0,-2.01441,-3.4873,0
11.1,Star A,-0.161141,-0.473254,0,4.20579,-1.43198,0
11.1,Star B,0.16117,0.47338,0,-4.20578,1.432,0
11.1,Planet,-4.36378,2.31242,0,-1.87514,-3.56501,0
11.15,Star A,0.0579431,-0.49657,0,4.41297,0.514754,0
11.15,Star B,-0.0579147,0.496696,0,-4.41296,-0.514731,0
11.15,Planet,-4.45396,2.13237,0,-1.73121,-3.63579,0
11.2,Star A,0.26578,-0.423456,0,3.7633,2.36154,0
11.2,Star B,-0.265751,0.423583,0,-3.76329,-2.36152,0
11.2,Planet,-4.53681,1.94893,0,-1.58181,-3.70092,0
11.25,Star A,0.422014,-0.268108,0,2.38292,3.7498,0
11.25,Star B,-0.421985,0.268237,0,-2.38292,-3.74977,0
11.25,Planet,-4.61206,1.76236,0,-1.42757,-3.76155,0
11.3,Star A,0.49631,-0.060691,0,0.539865,4.40997,0
11.3,Star B,-0.49628,0.0608209,0,-0.539861,-4.40995,0
11.3,Planet,-4.67952,1.57285,0,-1.27046,-3.81795,0
11.35,Star A,0.474242,0.158523,0,-1.40802,4.21388,0
11.35,Star B,-0.474212,-0.158392,0,1.40802,-4.21386,0
11.35,Planet,-4.7391,1.38064,0,-1.11281,-3.86927,0
11.4,Star A,0.360095,0.34697,0,-3.08251,3.1996,0
11.4,Star B,-0.360065,-0.346838,0,3.08251,-3.19957,0
11.4,Planet,-4.79081,1.18603,0,-0.955961,-3.91404,0
11.45,Star A,0.176032,0.46806,0,-4.15848,1.56406,0
11.45,Star B,-0.176003,-0.467927,0,4.15848,-1.56404,0
11.45,Planet,-4.8347,0.989371,0,-0.799679,-3.95098,0
11.5,Star A,-0.0422068,0.498282,0,-4.42701,-0.375159,0
11.5,Star B,0.0422364,-0.498147,0,4.42702,0.375183,0
11.5,Planet,-4.87077,0.791072,0,-0.642516,-3.9796,0
11.55,Star A,-0.252248,0.431766,0,-3.83597,-2.24154,0
11.55,Star B,0.252278,-0.431631,0,3.83597,2.24156,0
11.55,Planet,-4.89891,0.591544,0,-0.482771,-4.0003,0
11.601,Star A,-0.415792,0.277746,0,-2.46738,-3.69475,0
11.601,Star B,0.415821,-0.277609,0,2.46738,3.69477,0
11.601,Planet,-4.9193,0.387141,0,-0.316223,-4.01441,0
11.651,Star A,-0.494774,0.0720689,0,-0.639773,-4.39657,0
11.651,Star B,0.494804,-0.0719306,0,0.639773,4.39659,0
11.651,Planet,-4.93097,0.186194,0,-0.150025,-4.02263,0
11.701,Star A,-0.477685,-0.147588,0,1.31206,-4.24472,0
11.701,Star B,0.477715,0.147728,0,-1.31206,4.24474,0
11.701,Planet,-4.93429,-0.0150413,0,0.0169814,-4.026,0
11.751,Star A,-0.367843,-0.338575,0,3.00913,-3.26868,0
11.751,Star B,0.367872,0.338716,0,-3.00913,3.26871,0
11.751,Planet,-4.9293,-0.21632,0,0.182367,-4.02421,0
11.801,Star A,-0.186575,-0.463809,0,4.12193,-1.65798,0
11.801,Star B,0.186604,0.463951,0,-4.12193,1.658,0
11.801,Planet,-4.9161,-0.417357,0,0.344718,-4.01613,0
11.851,Star A,0.0309226,-0.498972,0,4.43439,0.274651,0
11.851,Star B,-0.0308929,0.499115,0,-4.43439,-0.274627,0
11.851,Planet,-4.89487,-0.617807,0,0.50424,-4.00052,0
11.901,Star A,0.242419,-0.437238,0,3.88584,2.15396,0
11.901,Star B,-0.242389,0.437383,0,-3.88584,-2.15393,0
11.901,Planet,-4.8657,-0.81727,0,0.66237,-3.97661,0
11.951,Star A,0.406848,-0.290593,0,2.58279,3.61504,0
11.951,Star B,-0.406818,0.290739,0,-2.58279,-3.61501,0
11.951,Planet,-4.82863,-1.01533,0,0.820824,-3.94447,0
12.001,Star A,0.492284,-0.0875107,0,0.77825,4.3742,0
12.001,Star B,-0.492255,0.0876574,0,-0.778253,-4.37418,0
12.001,Planet,-4.7836,-1.2116,0,0.980553,-3.90506,0
12.051,Star A,0.482138,0.132578,0,-1.1774,4.28405,0
12.051,Star B,-0.482109,-0.13243,0,1.1774,-4.28402,0
12.051,Planet,-4.73056,-1.40574,0,1.141,-3.8598,0
12.101,Star A,0.378379,0.326938,0,-2.90444,3.36207,0
12.101,Star B,-0.37835,-0.326789,0,2.90443,-3.36205,0
12.101,Planet,-4.66952,-1.5975,0,1.30016,-3.80988,0
12.151,Star A,0.201155,0.457833,0,-4.06753,1.7873,0
12.151,Star B,-0.201127,-0.457683,0,4.06753,-1.78728,0
12.151,Planet,-4.60061,-1.78665,0,1.45569,-3.75552,0
12.201,Star A,-0.0151236,0.499846,0,-4.44085,-0.1345,0
12.201,Star B,0.0151521,-0.499695,0,4.44084,0.134523,0
12.201,Planet,-4.52404,-1.97296,0,1.60617,-3.69593,0
12.251,Star A,-0.228463,0.444821,0,-3.9519,-2.03019,0
12.251,Star B,0.228492,-0.444669,0,3.9519,2.03021,0
12.251,Planet,-4.44007,-2.15614,0,1.75175,-3.62979,0
12.301,Star A,-0.39744,0.303441,0,-2.69563,-3.53167,0
12.301,Star B,0.397468,-0.303288,0,2.69562,3.5317,0
12.301,Planet,-4.34892,-2.33582,0,1.89373,-3.55606,0
12.351,Star A,-0.489245,0.103158,0,-0.915957,-4.34743,0
12.351,Star B,0.489273,-0.103004,0,0.915951,4.34745,0
12.351,Planet,-4.25073,-2.51161,0,2.03377,-3.47448,0
12.401,Star A,-0.486052,-0.117139,0,1.04156,-4.31906,0
12.401,Star B,0.48608,0.117295,0,-1.04157,4.31908,0
12.401,Planet,-4.14556,-2.68315,0,2.17282,-3.38587,0
12.451,Star A,-0.388482,-0.314678,0,2.79685,-3.45207,0
12.451,Star B,0.388509,0.314835,0,-2.79685,3.45209,0
12.451,Planet,-4.03347,-2.85011,0,2.3105,-3.29192,0
12.501,Star A,-0.215478,-0.451101,0,4.00907,-1.9148,0
12.501,Star B,0.215505,0.451259,0,-4.00908,1.91482,0
12.501,Planet,-3.91456,-3.01228,0,2.44504,-3.19426,0
12.551,Star A,-0.000633977,-0.49992,0,4.44288,-0.00574007,0
12.551,Star B,0.000660345,0.500079,0,-4.44288,0.00576127,0
12.551,Planet,-3.78905,-3.16949,0,2.57432,-3.09359,0
12.601,Star A,0.214336,-0.451656,0,4.01402,1.90444,0
12.601,Star B,-0.21431,0.451816,0,-4.01403,-1.90441,0
12.601,Planet,-3.65724,-3.32158,0,2.69699,-2.98932,0
12.651,Star A,0.387692,-0.31568,0,2.80577,3.44484,0
12.651,Star B,-0.387666,0.315841,0,-2.80578,-3.44482,0
12.651,Planet,-3.51947,-3.46834,0,2.81307,-2.88009,0
12.701,Star A,0.485773,-0.118394,0,1.05274,4.31637,0
12.701,Star B,-0.485748,0.118556,0,-1.05275,-4.31635,0
12.701,Planet,-3.37603,-3.60948,0,2.92369,-2.76456,0
12.751,Star A,0.489536,0.101896,0,-0.904701,4.34981,0
12.751,Star B,-0.489512,-0.101733,0,0.904692,-4.34979,0
12.751,Planet,-3.22716,-3.74468,0,3.03031,-2.64222,0
12.801,Star A,0.39825,0.302417,0,-2.68648,3.53866,0
12.801,Star B,-0.398226,-0.302253,0,2.68647,-3.53864,0
12.801,Planet,-3.07304,-3.8736,0,3.13396,-2.51383,0
12.851,Star A,0.22964,0.444235,0,-3.94664,2.04043,0
12.851,Star B,-0.229616,-0.444069,0,3.94663,-2.04041,0
12.851,Planet,-2.91382,-3.99599,0,3.23448,-2.38129,0
12.901,Star A,0.0164432,0.499813,0,-4.44049,0.146016,0
12.901,Star B,-0.0164199,-0.499647,0,4.44048,-0.145998,0
12.901,Planet,-2.74967,-4.11169,0,3.33051,-2.24663,0
12.951,Star A,-0.199944,0.458361,0,-4.07215,-1.77675,0
12.951,Star B,0.199967,-0.458194,0,4.07214,1.77676,0
12.951,Planet,-2.58087,-4.22064,0,3.42025,-2.11087,0
13.001,Star A,-0.377506,0.327926,0,-2.91313,-3.35452,0
13.001,Star B,0.377529,-0.327758,0,2.91312,3.35454,0
13.001,Planet,-2.40777,-4.32276,0,3.50243,-1.97357,0
13.051,Star A,-0.481768,0.133836,0,-1.18849,-4.28096,0
13.051,Star B,0.481789,-0.133667,0,1.18848,4.28098,0
13.051,Planet,-2.23076,-4.41794,0,3.57691,-1.83327,0
13.101,Star A,-0.492484,-0.0862246,0,0.76692,-4.37618,0
13.101,Star B,0.492505,0.0863942,0,-0.766931,4.3762,0
13.101,Planet,-2.0502,-4.50601,0,3.64451,-1.68843,0
13.151,Star A,-0.407574,-0.289527,0,2.57342,-3.62169,0
13.151,Star B,0.407595,0.289697,0,-2.57343,3.62171,0
13.151,Planet,-1.8664,-4.5867,0,3.70651,-1.53837,0
13.201,Star A,-0.243525,-0.436596,0,3.88024,-2.16399,0
13.201,Star B,0.243545,0.436767,0,-3.88025,2.164,0
13.201,Planet,-1.67962,-4.65977,0,3.76402,-1.38383,0
13.251,Star A,-0.0321898,-0.498876,0,4.43365,-0.28611,0
13.251,Star B,0.0322093,0.499048,0,-4.43367,0.286125,0
13.251,Planet,-1.49007,-4.72504,0,3.81724,-1.22686,0
13.301,Star A,0.185398,-0.464275,0,4.1262,1.64732,0
13.301,Star B,-0.185379,0.464448,0,-4.12621,-1.64731,0
13.301,Planet,-1.29798,-4.78245,0,3.86529,-1.06974,0
13.351,Star A,0.366989,-0.33951,0,3.01757,3.2609,0
13.351,Star B,-0.36697,0.339684,0,-3.01758,-3.26089,0
13.351,Planet,-1.10365,-4.83203,0,3.90674,-0.913653,0
13.401,Star A,0.477325,-0.148807,0,1.32303,4.24132,0
13.401,Star B,-0.477307,0.148981,0,-1.32305,-4.24131,0
13.401,Planet,-0.907438,-4.87383,0,3.94037,-0.758243,0
13.451,Star A,0.494982,0.0708061,0,-0.628395,4.39823,0
13.451,Star B,-0.494965,-0.0706311,0,0.628383,-4.39821,0
13.451,Planet,-0.70975,-4.90784,0,3.96581,-0.602012,0
13.501,Star A,0.416532,0.276688,0,-2.45781,3.70114,0
13.501,Star B,-0.416516,-0.276512,0,2.4578,-3.70113,0
13.501,Planet,-0.510986,-4.93399,0,3.98352,-0.44331,0
13.551,Star A,0.257207,0.428864,0,-3.81,2.28542,0
13.551,Star B,-0.257192,-0.428687,0,3.80999,-2.28541,0
13.551,Planet,-0.311508,-4.95212,0,3.99463,-0.281341,0
13.601,Star A,0.0479431,0.497785,0,-4.42242,0.425949,0
13.601,Star B,-0.0479278,-0.497608,0,4.42241,-0.425937,0
13.601,Planet,-0.111612,-4.96208,0,4.00037,-0.116839,0
13.651,Star A,-0.170629,0.470071,0,-4.17616,-1.51623,0
13.651,Star B,0.170643,-0.469893,0,4.17615,1.51624,0
13.651,Planet,0.0884512,-4.9638,0,4.00138,0.0480949,0
13.701,Star A,-0.356069,0.351102,0,-3.11902,-3.164,0
13.701,Star B,0.356083,-0.350924,0,3.11901,3.16401,0
13.701,Planet,0.288442,-4.9573,0,3.99731,0.211126,0
13.751,Star A,-0.472371,0.163978,0,-1.45628,-4.19743,0
13.751,Star B,0.472384,-0.163799,0,1.45627,4.19744,0
13.751,Planet,0.488079,-4.94274,0,3.98704,0.370994,0
13.801,Star A,-0.496953,-0.0549677,0,0.489221,-4.41586,0
13.801,Star B,0.496966,0.055147,0,-0.489233,4.41587,0
13.801,Planet,0.687022,-4.92025,0,3.96937,0.52803,0
13.851,Star A,-0.425042,-0.263223,0,2.33973,-3.77688,0
13.851,Star B,0.425055,0.263403,0,-2.33974,3.77689,0
13.851,Planet,0.88488,-4.88996,0,3.94363,0.683707,0
13.901,Star A,-0.270602,-0.420352,0,3.73594,-2.40455,0
13.901,Star B,0.270613,0.420532,0,-3.73596,2.40456,0
13.901,Planet,1.08125,-4.85188,0,3.90995,0.839684,0
13.951,Star A,-0.063618,-0.495845,0,4.40676,-0.56534,0
13.951,Star B,0.0636291,0.496026,0,-4.40677,0.565348,0
13.951,Planet,1.27576,-4.80597,0,3.86932,0.996793,0
14.001,Star A,0.155719,-0.475044,0,4.22193,1.38364,0
14.001,Star B,-0.155709,0.475225,0,-4.22194,-1.38363,0
14.001,Planet,1.46809,-4.75219,0,3.82318,1.15436,0
14.051,Star A,0.344822,-0.361988,0,3.21734,3.06397,0
14.051,Star B,-0.344812,0.36217,0,-3.21736,-3.06396,0
14.051,Planet,1.658,-4.69056,0,3.77262,1.31037,0
14.101,Star A,0.466973,-0.178629,0,1.58805,4.14937,0
14.101,Star B,-0.466963,0.178811,0,-1.58807,-4.14937,0
14.101,Planet,1.84528,-4.62122,0,3.71777,1.46259,0
14.151,Star A,0.498454,0.0394323,0,-0.349582,4.42911,0
14.151,Star B,-0.498445,-0.03925,0,0.349571,-4.42911,0
14.151,Planet,2.0297,-4.54438,0,3.65779,1.60978,0
14.201,Star A,0.433154,0.249855,0,-2.21934,3.84887,0
14.201,Star B,-0.433145,-0.249672,0,2.21933,-3.84886,0
14.201,Planet,2.21096,-4.46032,0,3.59141,1.75223,0
14.251,Star A,0.28375,0.411781,0,-3.65818,2.5213,0
14.251,Star B,-0.283742,-0.411598,0,3.65817,-2.52129,0
14.251,Planet,2.38871,-4.36922,0,3.51765,1.8913,0
14.301,Star A,0.0792519,0.493771,0,-4.38673,0.704184,0
14.301,Star B,-0.0792446,-0.493588,0,4.38672,-0.704178,0
14.301,Planet,2.56259,-4.27122,0,3.43636,2.02857,0
14.351,Star A,-0.140633,0.479906,0,-4.26352,-1.24966,0
14.351,Star B,0.14064,-0.479722,0,4.26351,1.24967,0
14.351,Planet,2.73224,-4.16638,0,3.34845,2.16488,0
14.401,Star A,-0.333211,0.372876,0,-3.31248,-2.96086,0
14.401,Star B,0.333218,-0.372692,0,3.31247,2.96087,0
14.401,Planet,2.89736,-4.05475,0,3.25559,2.2997,0
14.451,Star A,-0.46109,0.193464,0,-1.71827,-4.09717,0
14.451,Star B,0.461096,-0.19328,0,1.71826,4.09717,0
14.451,Planet,3.05774,-3.93646,0,3.15932,2.43124,0
14.501,Star A,-0.499441,-0.0234937,0,0.209573,-4.43793,0
14.501,Star B,0.499446,0.0236779,0,-0.209582,4.43794,0
14.501,Planet,3.21324,-3.81172,0,3.06015,2.55748,0
14.551,Star A,-0.440816,-0.235872,0,2.09672,-3.91701,0
14.551,Star B,0.440821,0.236057,0,-2.09673,3.91701,0
14.551,Planet,3.3637,-3.68082,0,2.95741,2.67728,0
14.601,Star A,-0.296599,-0.402434,0,3.57675,-2.63553,0
14.601,Star B,0.296603,0.402619,0,-3.57676,2.63553,0
14.601,Planet,3.5089,-3.54409,0,2.84972,2.79081,0
14.651,Star A,-0.0947919,-0.490839,0,4.3623,-0.842315,0
14.651,Star B,0.094796,0.491024,0,-4.36231,0.842318,0
14.651,Planet,3.64857,-3.40183,0,2.73584,2.89922,0
14.701,Star A,0.125421,-0.483922,0,4.30084,1.11445,0
14.701,Star B,-0.125417,0.484107,0,-4.30084,-1.11444,0
14.701,Planet,3.78237,-3.25423,0,2.61541,3.00396,0
14.751,Star A,0.321281,-0.383025,0,3.40429,2.85482,0
14.751,Star B,-0.321278,0.38321,0,-3.4043,-2.85482,0
14.751,Planet,3.91001,-3.10148,0,2.48931,3.10591,0
14.801,Star A,0.45476,-0.20774,0,1.84675,4.04088,0
14.801,Star B,-0.454757,0.207925,0,-1.84675,-4.04088,0
14.801,Planet,4.03124,-2.94369,0,2.35944,3.20477,0
14.851,Star A,0.49994,0.00789958,0,-0.0693736,4.44234,0
14.851,Star B,-0.499938,-0.00771424,0,0.0693669,-4.44234,0
14.851,Planet,4.14593,-2.78107,0,2.22769,3.29912,0
14.901,Star A,0.448049,0.222023,0,-1.97203,3.98125,0
14.901,Star B,-0.448047,-0.221838,0,1.97202,-3.98125,0
14.901,Planet,4.25399,-2.61389,0,2.09486,3.3872,0
14.951,Star A,0.309162,0.393055,0,-3.49178,2.74713,0
14.951,Star B,-0.30916,-0.39287,0,3.49177,-2.74713,0
14.951,Planet,4.35538,-2.44248,0,1.96034,3.46796,0
15.001,Star A,0.110246,0.487787,0,-4.33354,0.979613,0
15.001,Star B,-0.110244,-0.487602,0,4.33354,-0.979612,0
15.001,Planet,4.44998,-2.26721,0,1.82264,3.54137,0
15.051,Star A,-0.110076,0.487826,0,-4.33388,-0.978113,0
15.051,Star B,0.110077,-0.48764,0,4.33388,0.978114,0
15.051,Planet,4.53757,-2.08845,0,1.68035,3.60833,0
15.101,Star A,-0.309024,0.393162,0,-3.49273,-2.74592,0
15.101,Star B,0.309025,-0.392977,0,3.49272,2.74592,0
15.101,Planet,4.61792,-1.90647,0,1.53292,3.67013,0
15.151,Star A,-0.447971,0.222178,0,-1.9734,-3.98057,0
15.151,Star B,0.447972,-0.221993,0,1.9734,3.98057,0
15.151,Planet,4.69079,-1.7215,0,1.38131,3.72774,0
15.201,Star A,-0.499936,0.00807266,0,-0.0709083,-4.44232,0
15.201,Star B,0.499937,-0.00788689,0,0.0709046,4.44232,0
15.201,Planet,4.75602,-1.53376,0,1.22757,3.78119,0
15.251,Star A,-0.45483,-0.207582,0,1.84535,-4.04152,0
15.251,Star B,0.454831,0.207768,0,-1.84536,4.04152,0
15.251,Planet,4.81355,-1.34347,0,1.07382,3.82949,0
15.301,Star A,-0.321412,-0.382914,0,3.40331,-2.85599,0
15.301,Star B,0.321413,0.3831,0,-3.40331,2.85599,0
15.301,Planet,4.86342,-1.15092,0,0.920995,3.87121,0
15.351,Star A,-0.125586,-0.483878,0,4.30045,-1.11593,0
15.351,Star B,0.125587,0.484064,0,-4.30046,1.11593,0
15.351,Planet,4.90566,-0.956477,0,0.768516,3.90528,0
15.401,Star A,0.0946242,-0.490872,0,4.3626,0.840808,0
15.401,Star B,-0.0946241,0.491058,0,-4.3626,-0.840808,0
15.401,Planet,4.94025,-0.760526,0,0.614836,3.93144,0
15.451,Star A,0.296462,-0.402536,0,3.57767,2.63429,0
15.451,Star B,-0.296462,0.402722,0,-3.57767,-2.63429,0
15.451,Planet,4.96709,-0.563455,0,0.458407,3.95029,0
15.501,Star A,0.440737,-0.236024,0,2.09808,3.91628,0
15.501,Star B,-0.440737,0.23621,0,-2.09808,-3.91628,0
15.501,Planet,4.98603,-0.3656,0,0.298649,3.96298,0
15.551,Star A,0.499435,-0.0236656,0,0.211112,4.43786,0
15.551,Star B,-0.499435,0.0238514,0,-0.211113,-4.43786,0
15.551,Planet,4.99692,-0.167241,0,0.136509,3.97063,0
15.601,Star A,0.46116,0.193306,0,-1.71685,4.09776,0
15.601,Star B,-0.46116,-0.19312,0,1.71685,-4.09776,0
15.601,Planet,4.99968,0.0313876,0,-0.0258499,3.97372,0
15.651,Star A,0.333343,0.372762,0,-3.31145,2.96201,0
15.651,Star B,-0.333343,-0.372576,0,3.31145,-2.96201,0
15.651,Planet,4.99437,0.230047,0,-0.186251,3.9717,0
15.701,Star A,0.140803,0.479858,0,-4.26308,1.25114,0
15.701,Star B,-0.140802,-0.479672,0,4.26308,-1.25114,0
15.701,Planet,4.98111,0.428453,0,-0.343713,3.96341,0
15.751,Star A,-0.0790775,0.4938,0,-4.38697,-0.702664,0
15.751,Star B,0.0790776,-0.493614,0,4.38697,0.702664,0
15.751,Planet,4.96004,0.626264,0,-0.498796,3.94772,0
15.801,Star A,-0.283603,0.411881,0,-3.65905,-2.52003,0
15.801,Star B,0.283603,-0.411695,0,3.65905,2.52003,0
15.801,Planet,4.93124,0.823092,0,-0.653048,3.92408,0
15.851,Star A,-0.433063,0.250006,0,-2.22067,-3.8481,0
15.851,Star B,0.433063,-0.24982,0,2.22067,3.8481,0
15.851,Planet,4.89472,1.01854,0,-0.808035,3.89278,0
15.901,Star A,-0.498436,0.0396065,0,-0.351107,-4.42899,0
15.901,Star B,0.498436,-0.0394206,0,0.35111,4.42899,0
15.901,Planet,4.85041,1.21226,0,-0.964357,3.8549,0
15.951,Star A,-0.46703,-0.178465,0,1.58663,-4.14992,0
15.951,Star B,0.46703,0.178651,0,-1.58662,4.14992,0
15.951,Planet,4.79827,1.40395,0,-1.12109,3.81181,0
16.001,Star A,-0.344942,-0.361867,0,3.21629,-3.06508,0
16.001,Star B,0.344943,0.362053,0,-3.21629,3.06508,0
16.001,Planet,4.73833,1.59337,0,-1.27613,3.76442,0
16.051,Star A,-0.155878,-0.474988,0,4.22146,-1.3851,0
16.051,Star B,0.155879,0.475174,0,-4.22146,1.3851,0
16.051,Planet,4.67073,1.78032,0,-1.42734,3.71264,0
16.101,Star A,0.0634527,-0.495865,0,4.40696,0.563821,0
16.101,Star B,-0.0634515,0.496051,0,-4.40696,-0.56382,0
16.101,Planet,4.59568,1.96454,0,-1.57379,3.65548,0
16.151,Star A,0.270463,-0.420443,0,3.73678,2.40326,0
16.151,Star B,-0.270461,0.420629,0,-3.73678,-2.40326,0
16.151,Planet,4.51342,2.14575,0,-1.71597,3.5917,0
16.201,Star A,0.424958,-0.263367,0,2.34105,3.77607,0
16.201,Star B,-0.424957,0.263553,0,-2.34104,-3.77607,0
16.201,Planet,4.42413,2.32359,0,-1.85533,3.52045,0
16.251,Star A,0.496941,-0.0551361,0,0.490757,4.4157,0
16.251,Star B,-0.496939,0.0553223,0,-0.490751,-4.4157,0
16.251,Planet,4.32791,2.49767,0,-1.9934,3.44176,0
16.301,Star A,0.472435,0.163818,0,-1.45482,4.19794,0
16.301,Star B,-0.472433,-0.163632,0,1.45483,-4.19794,0
16.301,Planet,4.2248,2.66766,0,-2.13078,3.35668,0
16.351,Star A,0.356198,0.350983,0,-3.11792,3.16509,0
16.351,Star B,-0.356196,-0.350797,0,3.11793,-3.16508,0
16.351,Planet,4.11485,2.83326,0,-2.26667,3.2669,0
16.401,Star A,0.1708,0.470016,0,-4.17562,1.51768,0
16.401,Star B,-0.170797,-0.46983,0,4.17563,-1.51767,0
16.401,Planet,3.99819,2.99429,0,-2.39914,3.17375,0
16.451,Star A,-0.0477617,0.497807,0,-4.42256,-0.424412,0
16.451,Star B,0.047765,-0.49762,0,4.42257,0.424415,0
16.451,Planet,3.87503,3.15059,0,-2.52626,3.07749,0
16.501,Star A,-0.257049,0.428958,0,-3.81078,-2.2841,0
16.501,Star B,0.257053,-0.428771,0,3.81079,2.2841,0
16.501,Planet,3.74567,3.30198,0,-2.64711,2.97727,0
16.551,Star A,-0.416426,0.276838,0,-2.45908,-3.70028,0
16.551,Star B,0.41643,-0.276651,0,2.45909,3.70029,0
16.551,Planet,3.61042,3.44823,0,-2.76205,2.87167,0
16.601,Star A,-0.494947,0.0709833,0,-0.629906,-4.398,0
16.601,Star B,0.494951,-0.0707963,0,0.629914,4.398,0
16.601,Planet,3.46954,3.58903,0,-2.87239,2.75957,0
16.651,Star A,-0.477365,-0.148636,0,1.32158,-4.24177,0
16.651,Star B,0.47737,0.148823,0,-1.32157,4.24178,0
16.651,Planet,3.32323,3.72407,0,-2.97951,2.64082,0
16.701,Star A,-0.367094,-0.339376,0,3.01645,-3.26194,0
16.701,Star B,0.3671,0.339564,0,-3.01645,3.26194,0
16.701,Planet,3.17163,3.85302,0,-3.08409,2.51651,0
16.751,Star A,-0.185546,-0.464203,0,4.12564,-1.64874,0
16.751,Star B,0.185552,0.464391,0,-4.12563,1.64874,0
16.751,Planet,3.01487,3.97566,0,-3.18557,2.38861,0
16.801,Star A,0.0320302,-0.498879,0,4.43376,0.284587,0
16.801,Star B,-0.0320238,0.499067,0,-4.43375,-0.284582,0
16.801,Planet,2.85315,4.09185,0,-3.28234,2.25884,0
16.851,Star A,0.243388,-0.436671,0,3.881,2.16266,0
16.851,Star B,-0.243381,0.43686,0,-3.88099,-2.16265,0
16.851,Planet,2.68675,4.20152,0,-3.3727,2.12772,0
16.901,Star A,0.407488,-0.289659,0,2.57468,3.62081,0
16.901,Star B,-0.40748,0.289847,0,-2.57467,-3.62081,0
16.901,Planet,2.51601,4.30459,0,-3.45572,1.99441,0
16.951,Star A,0.492468,-0.0863853,0,0.768444,4.37593,0
16.951,Star B,-0.492461,0.0865741,0,-0.768433,-4.37592,0
16.951,Planet,2.34129,4.4009,0,-3.53159,1.85737,0
17.001,Star A,0.481829,0.133679,0,-1.187,4.28139,0
17.001,Star B,-0.481821,-0.13349,0,1.18701,-4.28138,0
17.001,Planet,2.16295,4.49024,0,-3.60135,1.71527,0
17.051,Star A,0.377635,0.327806,0,-2.91196,3.35554,0
17.051,Star B,-0.377626,-0.327617,0,2.91197,-3.35554,0
17.051,Planet,1.98124,4.57234,0,-3.66626,1.56783,0
17.101,Star A,0.200119,0.458303,0,-4.07152,1.77817,0
17.101,Star B,-0.200109,-0.458113,0,4.07153,-1.77816,0
17.101,Planet,1.79639,4.64696,0,-3.72715,1.41623,0
17.151,Star A,-0.0162537,0.499831,0,-4.44053,-0.144467,0
17.151,Star B,0.0162638,-0.49964,0,4.44054,0.144475,0
17.151,Planet,1.6086,4.71393,0,-3.78382,1.26266,0
17.201,Star A,-0.229469,0.444327,0,-3.94733,-2.03905,0
17.201,Star B,0.22948,-0.444136,0,3.94734,2.03906,0
17.201,Planet,1.4181,4.77322,0,-3.83507,1.10909,0
17.251,Star A,-0.398128,0.302568,0,-2.68769,-3.53772,0
17.251,Star B,0.398139,-0.302377,0,2.6877,3.53773,0
17.251,Planet,1.2252,4.82485,0,-3.87945,0.956205,0
17.301,Star A,-0.489483,0.102079,0,-0.906195,-4.34948,0
17.301,Star B,0.489495,-0.101888,0,0.906207,4.34949,0
17.301,Planet,1.03028,4.86884,0,-3.91597,0.803177,0
17.351,Star A,-0.485796,-0.118211,0,1.05126,-4.31672,0
17.351,Star B,0.485808,0.118403,0,-1.05125,4.31673,0
17.351,Planet,0.833739,4.90514,0,-3.94456,0.648373,0
17.401,Star A,-0.387782,-0.31553,0,2.80459,-3.44579,0
17.401,Star B,0.387795,0.315723,0,-2.80458,3.4458,0
17.401,Planet,0.635949,4.93362,0,-3.96593,0.490333,0
17.451,Star A,-0.214473,-0.451565,0,4.01337,-1.90581,0
17.451,Star B,0.214486,0.451759,0,-4.01336,1.90582,0
17.451,Planet,0.437245,4.95411,0,-3.98131,0.328713,0
17.501,Star A,0.000481421,-0.499903,0,4.44289,0.00422001,0
17.501,Star B,-0.000467135,0.500097,0,-4.44288,-0.00420858,0
17.501,Planet,0.2379,4.96646,0,-3.99173,0.164745,0
17.551,Star A,0.215343,-0.451157,0,4.00975,1.91343,0
17.551,Star B,-0.215328,0.451351,0,-4.00973,-1.91342,0
17.551,Planet,0.03815,4.97059,0,-3.99746,0.000739364,0
17.601,Star A,0.388394,-0.314793,0,2.79805,3.45112,0
17.601,Star B,-0.388379,0.314988,0,-2.79804,-3.4511,0
17.601,Planet,-0.161755,4.96656,0,-3.99776,-0.161211,0
17.651,Star A,0.486033,-0.117288,0,1.04307,4.31871,0
17.651,Star B,-0.486017,0.117483,0,-1.04305,-4.3187,0
17.651,Planet,-0.361514,4.95451,0,-3.99137,-0.320364,0
17.701,Star A,0.489303,0.10301,0,-0.914445,4.34776,0
17.701,Star B,-0.489286,-0.102814,0,0.914457,-4.34775,0
17.701,Planet,-0.560763,4.93456,0,-3.97722,-0.477509,0
17.751,Star A,0.397568,0.303326,0,-2.6944,3.53262,0
17.751,Star B,-0.397551,-0.303129,0,2.69441,-3.53261,0
17.751,Planet,-0.759099,4.90677,0,-3.95487,-0.634297,0
17.801,Star A,0.22864,0.444765,0,-3.95119,2.03157,0
17.801,Star B,-0.228622,-0.444567,0,3.9512,-2.03156,0
17.801,Planet,-0.95612,4.87111,0,-3.92478,-0.792226,0
17.851,Star A,0.0153199,0.499865,0,-4.44079,0.136054,0
17.851,Star B,-0.0153014,-0.499666,0,4.44081,-0.13604,0
17.851,Planet,-1.15147,4.82752,0,-3.88813,-0.951675,0
17.901,Star A,-0.200973,0.457927,0,-4.06814,-1.78588,0
17.901,Star B,0.200992,-0.457728,0,4.06815,1.78589,0
17.901,Planet,-1.34485,4.77594,0,-3.84628,-1.11144,0
17.951,Star A,-0.378242,0.327095,0,-2.90559,-3.36105,0
17.951,Star B,0.378262,-0.326895,0,2.9056,3.36107,0
17.951,Planet,-1.53602,4.71641,0,-3.8,-1.26924,0
18.001,Star A,-0.482067,0.132771,0,-1.17887,-4.28362,0
18.001,Star B,0.482087,-0.13257,0,1.17888,4.28363,0
18.001,Planet,-1.72477,4.64908,0,-3.74901,-1.42301,0
18.051,Star A,-0.492289,-0.0873131,0,0.776744,-4.37445,0
18.051,Star B,0.49231,0.0875145,0,-0.776733,4.37447,0
18.051,Planet,-1.91083,4.57419,0,-3.69218,-1.57198,0
18.1,Star A,-0.409489,-0.286797,0,2.54931,-3.6387,0
18.1,Star B,0.40951,0.286999,0,-2.5493,3.63872,0
18.1,Planet,-2.09024,4.49367,0,-3.62962,-1.714,0
18.15,Star A,-0.24642,-0.434952,0,3.86579,-2.18972,0
18.15,Star B,0.246441,0.435156,0,-3.86578,2.18973,0
18.15,Planet,-2.26997,4.4044,0,-3.55804,-1.85639,0
18.2,Star A,-0.0355022,-0.498635,0,4.43167,-0.315554,0
18.2,Star B,0.0355245,0.498839,0,-4.43166,0.315572,0
18.2,Planet,-2.44592,4.30805,0,-3.47881,-1.99771,0
18.25,Star A,0.182311,-0.46548,0,4.13706,1.61988,0
18.25,Star B,-0.182288,0.465685,0,-4.13705,-1.61986,0
18.25,Planet,-2.61774,4.20464,0,-3.39312,-2.13841,0
18.3,Star A,0.364727,-0.341924,0,3.03918,3.24079,0
18.3,Star B,-0.364704,0.34213,0,-3.03917,-3.24077,0
18.3,Planet,-2.78515,4.09423,0,-3.30269,-2.27746,0
18.35,Star A,0.476328,-0.151958,0,1.35119,4.23244,0
18.35,Star B,-0.476304,0.152165,0,-1.35118,-4.23243,0
18.35,Planet,-2.94795,3.97696,0,-3.20882,-2.41279,0
18.4,Star A,0.495445,0.0675329,0,-0.599154,4.40231,0
18.4,Star B,-0.49542,-0.0673252,0,0.599163,-4.40229,0
18.4,Planet,-3.10598,3.85305,0,-3.11161,-2.54245,0
18.45,Star A,0.418365,0.273932,0,-2.43316,3.71739,0
18.45,Star B,-0.41834,-0.273723,0,2.43317,-3.71737,0
18.45,Planet,-3.25904,3.72282,0,-3.01005,-2.66565,0
18.5,Star A,0.260055,0.427162,0,-3.79473,2.31068,0
18.5,Star B,-0.260029,-0.426953,0,3.79474,-2.31066,0
18.5,Planet,-3.40688,3.58658,0,-2.90271,-2.78291,0
18.55,Star A,0.0512533,0.497473,0,-4.41949,0.455321,0
18.55,Star B,-0.0512277,-0.497262,0,4.4195,-0.455301,0
18.55,Planet,-3.5492,3.44461,0,-2.78853,-2.8956,0
18.6,Star A,-0.167497,0.471211,0,-4.18613,-1.48845,0
18.6,Star B,0.167523,-0.471,0,4.18614,1.48847,0
18.6,Planet,-3.68562,3.29708,0,-2.66747,-3.00511,0
18.65,Star A,-0.353723,0.353477,0,-3.13996,-3.14321,0
18.65,Star B,0.353749,-0.353264,0,3.13997,3.14323,0
18.65,Planet,-3.81585,3.14414,0,-2.54081,-3.11203,0
18.7,Star A,-0.471265,0.16713,0,-1.48412,-4.18766,0
18.7,Star B,0.471292,-0.166916,0,1.48413,4.18768,0
18.7,Planet,-3.93964,2.98593,0,-2.41062,-3.2156,0
18.75,Star A,-0.497301,-0.0516474,0,0.459885,-4.41901,0
18.75,Star B,0.497328,0.0518624,0,-0.459879,4.41903,0
18.75,Planet,-4.05688,2.82266,0,-2.27857,-3.31411,0
18.8,Star A,-0.426775,-0.260376,0,2.3146,-3.79233,0
18.8,Star B,0.426802,0.260592,0,-2.31459,3.79235,0
18.8,Planet,-4.16748,2.65463,0,-2.14508,-3.40583,0
18.85,Star A,-0.273381,-0.418527,0,3.7199,-2.42931,0
18.85,Star B,0.273408,0.418744,0,-3.71989,2.42933,0
18.85,Planet,-4.27135,2.48221,0,-2.00918,-3.4899,0
18.9,Star A,-0.0669025,-0.495393,0,4.40292,-0.594594,0
18.9,Star B,0.0669306,0.495611,0,-4.40291,0.594616,0
18.9,Planet,-4.36833,2.30576,0,-1.86927,-3.56663,0
18.95,Star A,0.152568,-0.476049,0,4.23104,1.35557,0
18.95,Star B,-0.15254,0.476269,0,-4.23103,-1.35555,0
18.95,Planet,-4.45819,2.12565,0,-1.72406,-3.63712,0
19,Star A,0.342418,-0.364251,0,3.23763,3.04253,0
19,Star B,-0.34239,0.364472,0,-3.23763,-3.04251,0
19,Planet,-4.54064,1.94213,0,-1.57339,-3.70268,0
19.05,Star A,0.465785,-0.181707,0,1.61559,4.13874,0
19.05,Star B,-0.465756,0.181929,0,-1.61559,-4.13872,0
19.05,Planet,-4.61546,1.75545,0,-1.41861,-3.76407,0
19.1,Star A,0.498715,0.0361407,0,-0.320145,4.43135,0
19.1,Star B,-0.498686,-0.0359177,0,0.320149,-4.43132,0
19.1,Planet,-4.68247,1.5658,0,-1.26204,-3.821,0
19.15,Star A,0.434814,0.246992,0,-2.19372,3.86353,0
19.15,Star B,-0.434784,-0.246768,0,2.19372,-3.86351,0
19.15,Planet,-4.74166,1.37344,0,-1.10564,-3.87218,0
19.2,Star A,0.286489,0.409908,0,-3.64135,2.54555,0
19.2,Star B,-0.28646,-0.409683,0,3.64135,-2.54553,0
19.2,Planet,-4.79305,1.1787,0,-0.94999,-3.91611,0
19.25,Star A,0.0825407,0.493256,0,-4.38195,0.733318,0
19.25,Star B,-0.0825112,-0.493029,0,4.38195,-0.733294,0
19.25,Planet,-4.83666,0.981969,0,-0.794165,-3.95188,0
19.3,Star A,-0.137431,0.480851,0,-4.27172,-1.2213,0
19.3,Star B,0.137461,-0.480624,0,4.27172,1.22133,0
19.3,Planet,-4.87244,0.783653,0,-0.636463,-3.97945,0
19.35,Star A,-0.330716,0.375104,0,-3.33207,-2.93878,0
19.35,Star B,0.330746,-0.374875,0,3.33207,2.93881,0
19.35,Planet,-4.90025,0.584148,0,-0.475447,-3.99963,0
19.4,Star A,-0.459784,0.196546,0,-1.74544,-4.08565,0
19.4,Star B,0.459814,-0.196316,0,1.74544,4.08568,0
19.4,Planet,-4.91992,0.383793,0,-0.310886,-4.01367,0
19.45,Star A,-0.499574,-0.0201519,0,0.180093,-4.43922,0
19.45,Star B,0.499604,0.0203832,0,-0.180093,4.43924,0
19.45,Planet,-4.9313,0.182865,0,-0.144161,-4.02264,0
19.5,Star A,-0.442361,-0.232915,0,2.07066,-3.93084,0
19.5,Star B,0.442391,0.233147,0,-2.07066,3.93086,0
19.5,Planet,-4.93434,-0.0183907,0,0.0223092,-4.02674,0
19.55,Star A,-0.299254,-0.400431,0,3.55917,-2.65922,0
19.55,Star B,0.299283,0.400664,0,-3.55917,2.65924,0
19.55,Planet,-4.92911,-0.219715,0,0.186432,-4.02519,0
19.6,Star A,-0.0980381,-0.490174,0,4.35661,-0.871264,0
19.6,Star B,0.0980679,0.490409,0,-4.35661,0.871288,0
19.6,Planet,-4.91575,-0.420794,0,0.347548,-4.0167,0
19.65,Star A,0.122216,-0.484719,0,4.30815,1.08586,0
19.65,Star B,-0.122186,0.484955,0,-4.30815,-1.08584,0
19.65,Planet,-4.89439,-0.621251,0,0.506539,-4.00019,0
19.7,Star A,0.318743,-0.385125,0,3.42318,2.83215,0
19.7,Star B,-0.318713,0.385362,0,-3.42319,-2.83213,0
19.7,Planet,-4.8651,-0.820673,0,0.665107,-3.9753,0
19.75,Star A,0.453383,-0.21073,0,1.87355,4.02854,0
19.75,Star B,-0.453354,0.210968,0,-1.87355,-4.02851,0
19.75,Planet,-4.82786,-1.01865,0,0.824733,-3.94254,0
19.8,Star A,0.499995,0.00460553,0,-0.0398606,4.44272,0
19.8,Star B,-0.499965,-0.0043659,0,0.0398576,-4.44269,0
19.8,Planet,-4.78261,-1.21482,0,0.985712,-3.90315,0
19.85,Star A,0.449527,0.21907,0,-1.94553,3.99427,0
19.85,Star B,-0.449498,-0.218829,0,1.94553,-3.99425,0
19.85,Planet,-4.72929,-1.40888,0,1.14673,-3.85853,0
19.9,Star A,0.311779,0.391021,0,-3.47345,2.77028,0
19.9,Star B,-0.31175,-0.390779,0,3.47345,-2.77025,0
19.9,Planet,-4.66797,-1.6006,0,1.30543,-3.80946,0
19.95,Star A,0.113497,0.487073,0,-4.32694,1.00839,0
19.95,Star B,-0.113468,-0.48683,0,4.32693,-1.00837,0
19.95,Planet,-4.59882,-1.78974,0,1.45976,-3.7556,0
20,Star A,-0.10682,0.488575,0,-4.34028,-0.949291,0
20,Star B,0.106848,-0.488331,0,4.34028,0.949314,0
20,Planet,-4.52208,-1.97606,0,1.60903,-3.69582,0
